{"datas":[{"name":"monster1","x":-3.190000057220459,"y":0.5199999809265137,"z":-3.7200000286102297,"type":1},{"name":"NPC","x":2.7799999713897707,"y":1.1200000047683716,"z":0.6944354772567749,"type":4},{"name":"monster2","x":1.420140027999878,"y":0.09000000357627869,"z":-3.940000057220459,"type":2}]}